,TF1,TF2,MSE,Weight
0,5.643834928956724,-0.3518483334928281,0.4190172463553378,0.6576928523653703
1,5.518009217890819,-0.37499614158585387,0.41221629927515274,0.6621810312837244
2,5.83689396559834,-0.3770892763136352,0.41041192137866167,0.6633769347064331
3,5.440232838756562,-0.3747961798048415,0.414369707587412,0.6607566193674043
4,5.85035841153312,-0.35569110101024215,0.42492065600028966,0.6538216598974378
5,5.567600583086354,-0.3662842010912277,0.41132605362925845,0.6627707975430898
6,5.823664901756391,-0.3605747338505909,0.4190343620209868,0.6576815956107432
7,5.5773635336562934,-0.37414507947573516,0.4109649161977434,0.6630101921111655
8,5.43643463937465,-0.3789229149724433,0.4160173067209391,0.6596688536808327
9,5.386149784696694,-0.3693643570289198,0.41459493039978246,0.6606078186605838
10,5.4007398681874115,-0.36957434359614943,0.4141990796794899,0.6608693725061552
11,5.802290852998837,-0.37753659808997814,0.40995083493366175,0.6636828793469948
12,5.746798264240361,-0.38064033060117664,0.40951497052148844,0.6639722181467331
13,5.397295367939483,-0.35836956227771355,0.4134061633872534,0.6613935944032313
14,5.662953536373277,-0.3837807935236104,0.4108204386271997,0.6631059891330614
15,5.682864031580145,-0.3516529792998354,0.4206649844034644,0.6566100391697879
16,5.406898689271984,-0.36940082663429635,0.41397976180943385,0.6610143288644973
17,5.556389629019959,-0.3819548705338675,0.4129714873238724,0.6616811488591837
18,5.439392475464974,-0.36034925013472485,0.4127965769354912,0.6617968938881241
19,5.676394480640627,-0.35907687280397393,0.41512027646553373,0.6602608620861613
20,5.650892411020122,-0.3605824611933741,0.41376029567897055,0.6611594150416026
21,5.4985953085586265,-0.37676930067821784,0.41313566897999565,0.661572521869862
22,5.412559079803523,-0.3834988737372721,0.41935254421045154,0.6574723663289618
23,5.650490879942639,-0.3516246563477265,0.4194310868911293,0.6574207287147437
24,5.530381892966373,-0.36912159206349954,0.4114096902375984,0.66271536795948
25,5.523364343860267,-0.38484829509575136,0.41519315892023323,0.6602127424073518
26,5.778329144067794,-0.36283027333366,0.41571041282634463,0.6598713330927399
27,5.376317575792153,-0.3667794958211281,0.41431441424666116,0.6607931558184142
28,5.812634677517251,-0.3834397307759403,0.4092439934643327,0.6641521637639055
29,5.409744918827321,-0.3863861788539776,0.4212447139869905,0.6562294932227706
30,5.768635917564056,-0.3708833545792961,0.4114451134878379,0.6626918928429482
31,5.698674195257312,-0.3607650133463645,0.41471190525702895,0.660530548674711
32,5.344228307527903,-0.37556268624740985,0.41847912557825273,0.6580468657966171
33,5.634130753022269,-0.35993985931706435,0.4137575820283437,0.661161209199698
34,5.8806183662007765,-0.3734269539924497,0.4126187010086931,0.6619146220941731
35,5.714260146861694,-0.3779229651220687,0.409739310565265,0.6638232792973463
36,5.774822679516463,-0.38118425092157016,0.4094072632818634,0.6640437366129966
37,5.675842729321166,-0.37195527998824823,0.4103994314074478,0.6633852203169949
38,5.867411103980648,-0.3682799116643364,0.4150910389075675,0.6602801667835991
39,5.8514027299689,-0.36171082093765733,0.4192834352594107,0.6575178051246328
40,5.806814590529434,-0.3767869185194818,0.41015631694113036,0.6635465184669576
41,5.846302226831883,-0.37113370863139167,0.41288488107105975,0.6617384570656318
42,5.7357697535876975,-0.3804944354205648,0.4095718094884054,0.6639344797243087
43,5.574799095568255,-0.3682904547681905,0.4110571883848071,0.6629490175330934
44,5.52426927996391,-0.38266019385293043,0.41425431803228663,0.6608328681788328
45,5.520092201465369,-0.35969950221691566,0.41266182049528194,0.6618860812908395
46,5.723718242240472,-0.379873170530252,0.40964426931838416,0.6638863728877186
47,5.863855438043714,-0.36080807662659226,0.4206264471877937,0.6566353435800565
48,5.368799379594183,-0.37900268357739125,0.41903436833544383,0.657681591457841
49,5.819320195486899,-0.35306241274792693,0.42599587239400405,0.653119037933169
50,5.636139224422647,-0.35602589618177194,0.41590666299431617,0.6597418459391343
51,5.333435727585869,-0.3694029729632054,0.41644036667524476,0.6593898332310886
52,5.745315129781105,-0.3533273260692637,0.4218990061955079,0.6558002678130888
53,5.4700027880015964,-0.35088912482718226,0.41543895071898146,0.6600504874711223
54,5.391811836739964,-0.3791044893715589,0.4180060328956507,0.6583582566061835
55,5.722748119558052,-0.3811834434826223,0.4096721269388231,0.6638678788507292
56,5.63219763687191,-0.36290758574875986,0.41248709953265916,0.6620017367675332
57,5.715273114405251,-0.3646779298034314,0.41306794992709367,0.661617324451446
58,5.752532346603499,-0.3574528594954944,0.41866712381842164,0.6579231657719564
59,5.621903116275788,-0.35577416305412196,0.415701354956485,0.6598773101484688
60,5.526565997860285,-0.36374036967735895,0.41182581447273203,0.6624396534036094
61,5.4588409642365265,-0.37239962600492216,0.41318236910661943,0.661541627070721
62,5.533633946804212,-0.35282527331173846,0.4154696509861495,0.6600302240558602
63,5.536431113371379,-0.3696701094067356,0.4113387546470471,0.6627623797328579
64,5.513028781529405,-0.36761026258458473,0.41162510735852953,0.6625726230983129
65,5.497692848072443,-0.3696889890946999,0.4119214211827664,0.662376322755217
66,5.810461607436021,-0.3747330245658846,0.4107603641531085,0.6631458260732048
67,5.519323948990371,-0.37982319980976537,0.41341644079194967,0.6613867970285279
68,5.43900638494997,-0.38470764283041203,0.4187479739679731,0.657869974735891
69,5.665868229627385,-0.37801688738766176,0.4100777183378359,0.6635986743461927
70,5.863030210751219,-0.3545386746395798,0.42691639020957345,0.6525181068493816
71,5.577544979396829,-0.3561117722437158,0.4145935312613282,0.6606087429430326
72,5.549472778075897,-0.35284560667188314,0.4157583574640436,0.6598396965591541
73,5.7035503937757355,-0.3756071321407228,0.40993207502256257,0.6636953300955964
74,5.652805328995303,-0.3821264790242129,0.41070011590440175,0.6631857806514476
75,5.6809866576550005,-0.3654386044737382,0.412175213184646,0.6622082382724181
76,5.792031995138989,-0.3624119012060988,0.41644125996532727,0.6593892442049532
77,5.8462005485607005,-0.369506117992542,0.41372858340403623,0.6611803822432049
78,5.833731535046322,-0.3862784540973631,0.4091402150860273,0.664221091974976
79,5.815070608620216,-0.35937142849685993,0.41966890575169685,0.657264400255792
80,5.573941875073065,-0.3876403261134932,0.4145495252019574,0.6606378143702503
81,5.836678536725793,-0.35715653864289754,0.42270184208108913,0.6552739791143095
82,5.621231165361424,-0.37305016117247497,0.41045749163659223,0.6633467051372032
83,5.360969895515291,-0.38843202971822827,0.4255033394383596,0.6534407998159708
84,5.52514074929249,-0.38260345684872266,0.4142023839767129,0.6608671888009306
85,5.823696868826902,-0.35839131031752586,0.42091262562925685,0.6564474555868499
86,5.673009509042551,-0.37158278048563737,0.41045577610615164,0.6633478431296447
87,5.558017904975425,-0.38513380596739316,0.41406031358776424,0.660961085129273
88,5.604751165431689,-0.36549224362192956,0.4114949988019012,0.6626588350743019
89,5.679477973294014,-0.36078719090154154,0.4142460640577882,0.6608383226989852
90,5.362979976481476,-0.35196693030992754,0.41463490472598996,0.6605814118359464
91,5.576169362740432,-0.362583502703463,0.41211076569797256,0.6622509173042926
92,5.860878859038696,-0.3877687623215638,0.4090707177380112,0.6642672551834564
93,5.505052919135036,-0.35599314787796676,0.4137277708679924,0.6611809194763152
94,5.536092625339181,-0.35547841290094945,0.4142524760686907,0.6608340854100401
95,5.868049847648165,-0.38288306447429554,0.40945229590711324,0.6640138336535656
96,5.829512434148953,-0.3832773376821982,0.40925575603632885,0.6641443516722081
97,5.3618744260265,-0.377963871710515,0.41883074605715925,0.6578155237172126
98,5.738607339213983,-0.3623728748733124,0.4148259706488448,0.6604552092957596
99,5.697446326725464,-0.3598327787790363,0.41522131158927444,0.660194155918149
100,5.828766303249251,-0.3717739252733418,0.41218458950882175,0.6622020292224133
101,5.477693561777305,-0.36927212281676103,0.41225456196077387,0.6621556949438214
102,5.551979035172983,-0.3556368599239177,0.4144039455960554,0.6607339967638378
103,5.551932544542395,-0.3549291542314148,0.4147344701301613,0.6605156440548411
104,5.337814902618074,-0.3890775709888179,0.42748832993156205,0.6521450125286591
105,5.6583676694172915,-0.3736095348646348,0.41022104640658685,0.6635035688455796
106,5.747353126259861,-0.3893010034653773,0.4104079747342539,0.663379552824469
107,5.5268663731196375,-0.3751058402739274,0.4120317781357978,0.6623032289557562
108,5.7603827156632175,-0.3876006658421754,0.4098749120333981,0.6637332699889278
109,5.568698397693705,-0.37903884149794714,0.4118532822383682,0.6624214579163575
110,5.851199455864001,-0.3616144472333799,0.41935506242046333,0.657470710677551
111,5.574079269192363,-0.3822335908129135,0.4125471152878247,0.6619620074255853
112,5.6927616489979735,-0.37806429911079587,0.40985127450182957,0.6637489591904765
113,5.451644857897387,-0.3625566392887555,0.4125038751674986,0.6619906313612844
114,5.640994723548472,-0.3717163228860484,0.4104519349601577,0.6633503911504485
115,5.473888894424287,-0.3502519888344905,0.4157917034071347,0.6598176939490342
116,5.818795144534792,-0.37729192167053777,0.41015230382827833,0.6635491813593619
117,5.382731201976861,-0.3754612397162007,0.41674838570934697,0.6591867598883929
118,5.554407796180829,-0.35371917627972355,0.41538640995726184,0.6600851679375684
119,5.511586971031245,-0.38142677842396255,0.4142244972544516,0.6608525750228161
120,5.4670527809000875,-0.3674045969170042,0.41230266735229804,0.6621238424510106
121,5.518968928466485,-0.3630217070478743,0.4119620952932346,0.6623493817353984
122,5.337841580878138,-0.3670880432363594,0.41558667987609205,0.6599529859710422
123,5.591723183024056,-0.3561425356070064,0.41483954746885165,0.660446242475131
124,5.60342855637985,-0.3699052224897599,0.4107658783830642,0.6631421693447078
125,5.482295108347292,-0.37236255672106716,0.41257924769119686,0.661940737337077
126,5.435638644510321,-0.3537373449961927,0.41410877147331615,0.6609290571286663
127,5.827463576006148,-0.38857640499105495,0.40926942006564193,0.6641352768463182
128,5.854794633272489,-0.35887674840639044,0.42196290603508463,0.655758363620031
129,5.722276448825091,-0.3631616777805374,0.41397207772650774,0.6610194081729306
130,5.824062531424501,-0.3704114526229953,0.41270320119576237,0.661858692547844
131,5.600974339988214,-0.37547659569372216,0.4107204553398975,0.6631722919642169
132,5.739596347763411,-0.3860894645602844,0.40993556789646723,0.663693011895546
133,5.424247540208571,-0.3617416421717768,0.4128802778966793,0.6617415031701549
134,5.675232930984145,-0.36677431649430825,0.41163981848132875,0.6625628759827867
135,5.672623217482433,-0.3694579772056034,0.4108771232906147,0.6630684022585686
136,5.528703896445534,-0.35363323033850513,0.4149858799160634,0.6603496048310017
137,5.758117960875469,-0.35488414824916614,0.42106386893235875,0.6563481798129414
138,5.744304319386738,-0.3593221948531569,0.4169710630833846,0.6590399902534455
139,5.863422110590038,-0.38206800776590455,0.40955279407285144,0.6639471048343768
140,5.504810813951437,-0.3684964421152235,0.41174360183770997,0.6624941165518077
141,5.857217979621598,-0.38275835279786463,0.40940542773797606,0.6640449554955369
142,5.853103588923438,-0.3854853529580694,0.40913301854107686,0.6642258720891216
143,5.865770656413625,-0.35807798899765053,0.4233035228960977,0.6548798319197955
144,5.644975173617384,-0.37327008588775634,0.4103022074531932,0.6634497203867333
145,5.735172040056852,-0.37582601168554797,0.4099194338091919,0.6637037200629069
146,5.63795021625623,-0.3880493722669899,0.4126263486539438,0.6619095600253134
147,5.435268005361763,-0.3630052918743589,0.41270008921858664,0.6618607522401937
148,5.383175420837891,-0.3542939516550142,0.41406658544576436,0.6609569396882032
149,5.797240699115479,-0.3898445759526608,0.40973500090518383,0.6638261401561987
150,5.569922924670305,-0.3675893990226648,0.41115274220108855,0.6628856732509102
151,5.515902940446888,-0.35669915291392396,0.4135631670375989,0.6612897613458927
152,5.45127367059205,-0.37455528400896887,0.4139428309232037,0.6610387411602542
153,5.529537409857565,-0.370625143053401,0.41146262108953474,0.6626802907988028
154,5.869174395894927,-0.37624609463378716,0.41118353506344846,0.6628652614178845
155,5.602603072627344,-0.36845218468010726,0.4109399179507503,0.6630267664108702
156,5.4561148657288445,-0.3570894916946883,0.4132426290851718,0.6615017637875545
157,5.567851736418782,-0.3715702106701746,0.41098133214385774,0.6629993082609132
158,5.819740960770017,-0.35466548909433987,0.4243141510952698,0.6542183262190493
159,5.674587432879215,-0.3889738324789319,0.4119284096760511,0.6623716937589083
160,5.616345550745841,-0.36563106269230905,0.41151099205749464,0.6626482370869297
161,5.441575627512611,-0.3759736360621053,0.4147051173164468,0.6605350323320454
162,5.666456422038345,-0.38411406292401906,0.41081999592194807,0.6631062826936301
163,5.456069357196431,-0.36717439949871766,0.412486821597123,0.6620019207613663
164,5.765245825982979,-0.364585976173512,0.41426815514544313,0.6608237242229215
165,5.609990811496166,-0.3508601111709564,0.4186173423544482,0.6579559189655748
166,5.878293362685756,-0.35368315797805533,0.4288593456717139,0.6512515240849371
167,5.511127780376293,-0.3567853684401373,0.4134974063803687,0.6613332496251116
168,5.71719020892999,-0.3783894200002587,0.4097080328323522,0.6638440425092889
169,5.817311121347527,-0.3850403424321842,0.40919315188525823,0.6641859311670437
170,5.650923828067163,-0.35042962820548373,0.4204216771209405,0.6567698166108155
171,5.455906796013025,-0.38701852996525926,0.4192585227783607,0.657534185728533
172,5.659133387485834,-0.3700905138181692,0.41069083065895284,0.6631919385227878
173,5.73455010548707,-0.35977993350376714,0.41633619567610725,0.659458526106678
174,5.534303145361339,-0.35106737587360765,0.4164428666015014,0.6593881848071916
175,5.774022787058294,-0.3746585161038176,0.4103677497317443,0.6634062378053444
176,5.829485973537112,-0.37232067583031414,0.41196417007271935,0.662348007507915
177,5.419343112664837,-0.3661500239179301,0.41313826697260225,0.6615708031115741
178,5.643836828495778,-0.37527800946006673,0.41023670335439383,0.6634931804861577
179,5.5705179977597545,-0.37726687419778554,0.41146508383555686,0.6626786587875623
180,5.7563386659657185,-0.3885538899388117,0.41010067068270945,0.6635834433753554
181,5.414805081456077,-0.38447819828548485,0.4198073574330131,0.6571734071937239
182,5.477606607201276,-0.3569635233751666,0.41328708452411317,0.6614723570899336
183,5.584536476097684,-0.37603111688075697,0.41102579261850586,0.6629698316522534
184,5.4266756339779665,-0.3680619892610917,0.4132134224265408,0.6615210843258962
185,5.776002483464525,-0.36237295228031297,0.4159354835248358,0.6597228321031241
186,5.411715872880811,-0.38784081954096616,0.4220916579551727,0.6556739389066397
187,5.703515807377808,-0.38907869904312375,0.411250525909327,0.6628208570006799
188,5.46891622104696,-0.35814288223237056,0.4129929881361575,0.6616669223299511
189,5.853886070671637,-0.3757987849972024,0.41107392875710336,0.6629379196126184
190,5.724768074077356,-0.37891989423094374,0.4096566967671516,0.6638781225250977
191,5.606531005799355,-0.37732407936909584,0.4108073857540802,0.6631146446278917
192,5.386177771506963,-0.35846385727031116,0.41353454919437205,0.6613086863034048
193,5.522080853520557,-0.37080117374640664,0.41158947037791493,0.6625962356067747
194,5.608548303836208,-0.3783354992904002,0.41090136637930547,0.6630523276273348
195,5.7753403875104805,-0.35879389000809275,0.4184997325789711,0.6580333055640992
196,5.3507363664790875,-0.3601293193545348,0.4141241397834211,0.6609188998440094
197,5.3509851648681375,-0.37914096801600533,0.41999005340189305,0.6570533552282134
198,5.657229905925617,-0.36079115504370807,0.4137806800187144,0.6611459378808235
199,5.622619925704472,-0.3854900819857448,0.4122041016904021,0.6621891083422339
200,5.477469627022714,-0.3604103277529009,0.4125359657260614,0.6619693880530174
201,5.3398590960570775,-0.37673488345229367,0.4192635699550709,0.6575308670456795
202,5.7811213055046755,-0.3702100769222185,0.4119085153909242,0.6623848713013224
203,5.580832811956911,-0.3805581399472294,0.4119142304677321,0.6623810857317239
204,5.7622418468101895,-0.3574439068388749,0.41905752027685667,0.6576663650284287
205,5.486418890204151,-0.3853015473662012,0.4169070034191506,0.6590822094861984
206,5.403651208145346,-0.35409705047097706,0.41401895269255073,0.6609884236368239
207,5.541319663305325,-0.36045057150563287,0.41253544228597727,0.6619697345544202
208,5.8408294613576714,-0.36066841980964937,0.41969724540507924,0.657245773874442
209,5.5691442511246665,-0.37058889345794305,0.410969618804844,0.6630070742420594
210,5.47192346922181,-0.363293452663945,0.41224298183134855,0.662163362836866
211,5.652896832171857,-0.3776130729727905,0.4101974765901577,0.663519207687199
212,5.554165740109194,-0.38231806933322715,0.4131566336639601,0.661558652356407
213,5.65382451600606,-0.35168123105171584,0.41950867198213404,0.6573697246462812
214,5.575627023489438,-0.37288334095323633,0.410919562580264,0.6630402627037034
215,5.833544395166677,-0.357072730682947,0.42262415526060676,0.6553248872437115
216,5.887404304188614,-0.3532754194773023,0.4299483291354243,0.6505427079590602
217,5.572854902269608,-0.3716596556514104,0.4109250076895484,0.6630366523868423
218,5.681336019460348,-0.38390990103375033,0.41050261541902355,0.6633167731001325
219,5.836959220307025,-0.3793825174399328,0.4098506856138362,0.6637493500643843
220,5.873648338460022,-0.36752550228745284,0.4157921245316502,0.659817416083686
221,5.5147958041405465,-0.3507827852588151,0.4162068798840363,0.6595438100224792
222,5.794039222744464,-0.36707740112567566,0.41365281207347976,0.6612304826585689
223,5.383649425009704,-0.35392805533521116,0.4141327872252685,0.6609131846109683
224,5.489865382243283,-0.3869948537813708,0.4176444220362326,0.6585963691506062
225,5.4074196361739055,-0.3623972401500586,0.413134409668448,0.661573354996303
226,5.7855379085218,-0.36168029887901976,0.4167268712767063,0.6592009420700964
227,5.76111183941634,-0.36807034619043943,0.4124337278829237,0.6620370698352358
228,5.674130479269373,-0.37801294215247566,0.4099986236509083,0.663651163551367
229,5.429236591300487,-0.3883054433910252,0.421440263990942,0.6561011800890036
230,5.676569057467149,-0.3857119969972637,0.41096768221646707,0.6630083582150965
231,5.869387260955361,-0.3679599346483945,0.4153606132846197,0.6601021961581964
232,5.354807921120542,-0.38899090802031344,0.42631847987100757,0.6529083708313766
233,5.862324910239174,-0.3532385239075159,0.42837530322247375,0.6515668337732071
234,5.733443945980899,-0.3514479578690084,0.4231210181219007,0.654999361522676
235,5.586968160165031,-0.3861296526425591,0.4134846650567149,0.6613416759397692
236,5.330730804847507,-0.3663926420775817,0.4156453352621163,0.6599142773091391
237,5.69543649085236,-0.3654892403151094,0.41236747783183997,0.6620809312778271
238,5.878257982540949,-0.382689333699365,0.4095594984306879,0.6639426535103231
239,5.393001927334426,-0.3552694862157339,0.41383508166695654,0.6611099714304002
240,5.616493433809952,-0.3579503118663477,0.41439742601192725,0.6607383044887584
241,5.4115102361756735,-0.36751764146276467,0.41350250889124834,0.6613298751736194
242,5.578390895931896,-0.36701641035683913,0.411194050594884,0.6628582910740389
243,5.553897314674185,-0.3783540606178061,0.41205618657753895,0.6622870633632665
244,5.475501396109266,-0.3687696008373217,0.41225012025582747,0.6621586360505787
245,5.595022778797544,-0.36864175572916486,0.41093447850553766,0.6630303729184494
246,5.653727898281869,-0.3521133089949848,0.4191639193400668,0.6575963936657946
247,5.4305618415988794,-0.38232505465123245,0.41786174536279413,0.6584532563482394
248,5.590601228442254,-0.37155054551854827,0.41074900963172756,0.6631533558194139
249,5.440069753759416,-0.37567731900416534,0.4146578672588071,0.6605662433877524
250,5.359441268579041,-0.3540698622304678,0.41427716274483634,0.6608177718143526
251,5.440136265908196,-0.3556114032751959,0.4136047199345589,0.6612622834114766
252,5.509308459920347,-0.3654103455096015,0.411749850453756,0.6624899768933742
253,5.555668081512707,-0.3537978488552527,0.4153689689850711,0.6600966805650215
254,5.875104242979903,-0.37536247296226993,0.4116387062311387,0.6625636129188813
255,5.836555215708341,-0.3820299879630571,0.4094029646232219,0.6640465911164786
256,5.764119002271919,-0.36138307933937874,0.41621027391398424,0.6595415715148347
257,5.580789867415023,-0.3881268154370846,0.4145168488106292,0.6606594019826996
258,5.626074547913204,-0.35853353292510015,0.4142900952189963,0.6608092258608544
259,5.629819989844916,-0.3548751926306451,0.4164542328188919,0.6593806901003317
260,5.455850024691037,-0.3604801486171838,0.41264795260509207,0.6618952603179797
261,5.552018654518751,-0.36754358859752934,0.4112596629875957,0.6628148007822995
262,5.76737395378362,-0.3605364735441824,0.41690356216715974,0.6590844775580665
263,5.431309558424586,-0.37724229021342653,0.41553756606543407,0.6599853995730096
264,5.738546470362216,-0.365270333589671,0.413266700087298,0.6614858409688319
265,5.8110539866789095,-0.35147612833818426,0.42728488218604743,0.6522777034585843
266,5.884784953961557,-0.3678393053448096,0.41597516429840314,0.6596966543101872
267,5.371120301851857,-0.3675406137417713,0.41462687419891364,0.6605867166741606
268,5.338171747988064,-0.3615735738619132,0.4145285982748346,0.6606516396343057
269,5.819077724652518,-0.36240617113360035,0.41741984371999835,0.6587442922238036
270,5.869002825940401,-0.3872382614479019,0.4090651582888324,0.6642709481537682
271,5.539002197658461,-0.35184298294757516,0.4161005176564913,0.6596139643020933
272,5.847011601788557,-0.3890712251838175,0.4091716837646385,0.6642001901437842
273,5.53046806665409,-0.3689478356044135,0.41140823303731533,0.6627163336692055
274,5.438878161478805,-0.3677881741877931,0.41289616104315646,0.6617309927163998
275,5.793888985586927,-0.3783330221772296,0.4097476678701412,0.6638177315469994
276,5.766679773204981,-0.37227673580830467,0.41095247337431723,0.6630184418812408
277,5.580089691014325,-0.35639811711240654,0.4144982755630796,0.6606716726872716
278,5.594501035367048,-0.38762860172567637,0.41382821065308195,0.6611145139417923
279,5.39433248479036,-0.3565898152583019,0.4136263313847429,0.6612479927290018
280,5.572113911218109,-0.3709315918308245,0.41093481528161047,0.6630301496257218
281,5.454193145021745,-0.37642536504548263,0.4144235951905737,0.660721013736273
282,5.798170128914634,-0.3719468709941612,0.4115290703493852,0.6626362576469631
283,5.571905824501069,-0.37727839607571867,0.41143844505486377,0.6626963119741524
284,5.8259659240441,-0.37782438295261456,0.4100963670560442,0.6635862991969022
285,5.426804156760009,-0.36392643145825787,0.4128414864358607,0.6617671735876404
286,5.437603827530777,-0.36083395002949636,0.4127707272906555,0.6618140013238941
287,5.332459449602981,-0.3751949387584093,0.4188529347668128,0.6578009278014841
288,5.543284597888402,-0.3730831611873494,0.4114217358787679,0.662707385176039
289,5.457963666895061,-0.387714804652978,0.41957330609547094,0.657327237510068
290,5.394297664977327,-0.3773252455142648,0.41706323448063826,0.6589792484160709
291,5.663960349649053,-0.361081216688373,0.4137708389513689,0.6611524442945383
292,5.374959641125424,-0.3833915144576276,0.42122858020067244,0.6562400807745983
293,5.851130045168863,-0.3792192114972107,0.41002541482566907,0.6636333837952354
294,5.472823936111211,-0.38726936418896835,0.41858694296980664,0.6579759207246517
295,5.598707997524665,-0.3684818500220002,0.4109442814096866,0.6630238733271133
296,5.647150486201804,-0.3726544460255009,0.41034138059475794,0.6634237314859522
297,5.386053319749293,-0.3583995545698903,0.41354009554419113,0.6613050184642637
298,5.852078213035553,-0.36893017992436766,0.4142208751882196,0.6608549686789474
299,5.410589556007614,-0.35247271514785766,0.41443329708738563,0.6607146035202719
300,5.467747157763689,-0.37561713899640675,0.41373507923717523,0.6611760873397166
301,5.342462155157524,-0.356863596308161,0.4142436625750663,0.6608399096927047
302,5.75318469490477,-0.38935910069798985,0.41031693434465155,0.6634399499066577
303,5.7459274843288615,-0.37715442379341174,0.40976177871897956,0.6638083645814215
304,5.364740747442296,-0.3835483116316798,0.42188413211104736,0.6558100223142059
305,5.399440642963532,-0.38571678117888575,0.421371855034356,0.6561460648213897
306,5.440150522904228,-0.3897377233616956,0.4218022590541402,0.6558637176835552
307,5.7357748542878975,-0.3679712862867584,0.41202380657218235,0.6623085085691219
308,5.418213447884039,-0.35112511490380893,0.41488741760023445,0.6604146275834429
309,5.667846679290827,-0.3563748798477268,0.41655943318682515,0.6593113266577189
310,5.732070232434825,-0.38511804265825056,0.4099028956153934,0.6637146966144201
311,5.337134931312097,-0.3541841112619422,0.4144954562479617,0.6606735353315321
312,5.506694697534737,-0.36761719624246103,0.4117039851789378,0.662520362875054
313,5.620880951894633,-0.37213843692314924,0.4105022515363013,0.6633170144696895
314,5.740607639865919,-0.3762569913373566,0.40987014794840193,0.663736432078173
315,5.492237092387864,-0.3803458674895275,0.4144930030734416,0.660675156081003
316,5.381352300646823,-0.3560135053313096,0.4138160056855661,0.6611225828721996
317,5.345251863756944,-0.36571103790435416,0.4150146726646109,0.6603305918245961
318,5.71493302449612,-0.3577342457497633,0.4171053929441192,0.6589514674490974
319,5.364004865634912,-0.38423833128434315,0.42237074874936603,0.6554909718796925
320,5.474216896150007,-0.3560255413795598,0.41354403052365724,0.6613024162477151
321,5.78943138231212,-0.38880006626782476,0.40967387835716124,0.6638667161413703
322,5.435005802334265,-0.35698564481274336,0.41331377964756566,0.6614546992393909
323,5.8410493338562235,-0.38542876556979944,0.4091380758044757,0.6642225129324242
324,5.533967483355559,-0.37420469509356363,0.4117327108767164,0.6625013317886799
325,5.838145421084329,-0.3798879373392312,0.409758312029079,0.6638106658031637
326,5.798916429159707,-0.36225209488722804,0.41679293242641613,0.6591573959363431
327,5.53062821318295,-0.36242949439135125,0.41204456310775556,0.6622947614816748
328,5.519216617560908,-0.3571044675087127,0.41344746183984293,0.661366280435246
329,5.6215552810787655,-0.38957899716333205,0.4137295627450307,0.6611797347224689
330,5.538338756648253,-0.38334965297276663,0.41403578904420646,0.6609772950969655
331,5.517129866459806,-0.37380919218534325,0.4120272116573691,0.66230625335607
332,5.878415312525454,-0.36995124064426355,0.4144194586111197,0.6607237468668962
333,5.795354885952288,-0.36873955921425117,0.41284491111088145,0.6617649072540122
334,5.361281483062583,-0.3878080445122082,0.4250185559751284,0.6537576539065284
335,5.335960370363738,-0.35539695795915244,0.41441144161974847,0.6607290439047067
336,5.80255075229343,-0.3885900195986552,0.40949589063410785,0.6639848867827369
337,5.526025133674357,-0.3836414880914611,0.4145816618339193,0.6606165840370872
338,5.494272499235046,-0.37936836885527586,0.4140714526403164,0.6609537226900162
339,5.693510215257092,-0.3647853363368393,0.41262530185154905,0.6619102529141887
340,5.815878398702147,-0.38112177701869154,0.40943895304504174,0.6640226935576697
341,5.746953252171589,-0.3601817950035762,0.41646355222807996,0.659374545090504
342,5.332400949393265,-0.3765459992797876,0.41953108860963745,0.6573549887991963
343,5.34060556200729,-0.35370195769517926,0.4145098845353625,0.6606640030126538
344,5.8437430053524775,-0.38910999295973975,0.4091947054994115,0.6641848992791822
345,5.7324176654397,-0.35953504896177696,0.41643298881066304,0.6593946981379311
346,5.618006584047927,-0.3739410353927069,0.4104688055780646,0.6633392001138612
347,5.813264740841195,-0.35036844814135454,0.42870762286836034,0.6513503412880816
348,5.8637895181485495,-0.3896541698701207,0.409112772467852,0.6642393201909009
349,5.4147825472174755,-0.36464131638100966,0.4130994644503958,0.6615964742254018
350,5.768140948241044,-0.3568405980995825,0.419798923651139,0.6571789496742656
351,5.7311180597576525,-0.3589301296354849,0.41680452042776156,0.6591497576638085
352,5.485306606275453,-0.3508246115852751,0.41568112508998695,0.6598906595133858
353,5.477497953768813,-0.3526798543954722,0.4147484087646255,0.6605064374328847
354,5.633332188676554,-0.378391808510192,0.41050684089160033,0.6633139702792197
355,5.530731134500165,-0.3501985670996932,0.41687557031994565,0.6591029268082765
356,5.8467275739914015,-0.37307740079006835,0.4119995548060216,0.6623245709149673
357,5.530542506732228,-0.35170868627327667,0.41600522300602555,0.6596768249793593
358,5.753215324746118,-0.3596804121754542,0.4170219612441407,0.6590064471837245
359,5.6411720650748745,-0.37595418210338744,0.41026497872148493,0.6634744202381447
360,5.762183462137391,-0.35287477184298727,0.42313943356586814,0.654987299529699
361,5.788302467507667,-0.36702546876001324,0.4135358195207153,0.6613078462260932
362,5.5646200684709095,-0.36975189823530763,0.4110342914156512,0.6629641972300837
363,5.88372524555935,-0.38761533243955154,0.4090539312630817,0.6642784059826731
364,5.433849675805199,-0.3899464253569569,0.4222930766351909,0.6555418872266268
365,5.6024547105799405,-0.36434497994469245,0.4117723783929621,0.6624750525275582
366,5.7172664499184425,-0.3753501958909195,0.40995702540988804,0.6636787708466252
367,5.385773955108997,-0.364078371674608,0.4136680030205994,0.6612204380175669
368,5.857248549032862,-0.36890469328885306,0.4143902205232021,0.6607430654483141
369,5.881528388572848,-0.3555028660126463,0.4269411834600373,0.6525019290050779
370,5.507833499343186,-0.3690388872745504,0.41171779628766453,0.6625112127974752
371,5.457051977147952,-0.36358901597691423,0.41239531301694476,0.6620625023890376
372,5.456491647598745,-0.35568753445464946,0.41359485197703366,0.6612688087517982
373,5.436508519573147,-0.3746548922256444,0.4144494797432732,0.6607039114897163
374,5.84589580399769,-0.3786862056257677,0.4100976619556748,0.6635854399198047
375,5.818810198716859,-0.38347447491010883,0.4092379009433987,0.664156210137193
376,5.883040802662822,-0.3601837971702184,0.42214261885799204,0.6556405260221405
377,5.643067986314988,-0.35975104477476566,0.4140149341764978,0.660991079834752
378,5.659894039110334,-0.37085651308118167,0.410556716464138,0.6632808879401869
379,5.875503296489017,-0.36135631902762017,0.420686878133126,0.6565956636844642
380,5.340845815036661,-0.3540025631941734,0.414471764879845,0.6606891877768758
381,5.6951390493169,-0.37175360083325615,0.4104902130659369,0.6633249998399761
382,5.660794803346302,-0.38753702355078873,0.4118312057571439,0.6624360820126595
383,5.872108108500422,-0.355331068108655,0.4265684900187479,0.6527451575164668
384,5.360412572207517,-0.38464508675159664,0.422843743105034,0.6551810016626626
385,5.647919166579261,-0.3669043505732753,0.41136492130470603,0.6627450376834509
386,5.757187755233432,-0.35584745924425626,0.42017877269048487,0.6569293682861796
387,5.71429181150359,-0.3540148821138109,0.4199451759946374,0.6570828427408814
388,5.809251516461362,-0.38109910058888313,0.40942291482449106,0.6640333433854816
389,5.708176966024805,-0.3766256137314734,0.4098363262292203,0.6637588811650206
390,5.592929580351667,-0.38763201093397837,0.4138825870575965,0.6610785658889236
391,5.889904944869402,-0.35427335705765267,0.4288976345406728,0.6512265888780456
392,5.469806610728509,-0.35906194175070644,0.41280234243982894,0.6617930783062611
393,5.749496085070003,-0.3748451682292451,0.4101442465220545,0.6635545277998497
394,5.636670760250226,-0.35843149672839325,0.414557251257788,0.66063271026533
395,5.7984040449231395,-0.37801001225930114,0.4098308278273945,0.6637625307880982
396,5.528008584711017,-0.37133603428888556,0.41153030717033556,0.662635438085064
397,5.763411869402447,-0.36481137127514635,0.41409477052178073,0.6609383108291438
398,5.351473078638502,-0.3798036886606013,0.4203362531796802,0.656825922873426
399,5.447006781564151,-0.3616930129788751,0.4126082968331819,0.6619215088059
400,5.393010211372244,-0.371543435016448,0.4149663116937399,0.6603625268253102
401,5.8268907848905585,-0.36123921078268395,0.4186302378478787,0.657947434354051
402,5.629406655823793,-0.3530270623179527,0.41767486473320004,0.6585763200060928
403,5.579939576842279,-0.38921857895223394,0.4150451082765342,0.6603104945648
404,5.817062739174324,-0.35881015831016955,0.4202386163909764,0.6568900563781166
405,5.706520320161358,-0.383289197232315,0.4100159368518884,0.6636396737248548
406,5.476229792596674,-0.375972775305523,0.4135769508484542,0.6612806463157218
407,5.879319202939638,-0.3553849513527604,0.42694097774183737,0.652502063236614
408,5.469442863564474,-0.35242087779415754,0.41477378531741477,0.6604896762690787
409,5.607990150608663,-0.38597962520687645,0.41277962863820306,0.6618081103136755
410,5.404430049982783,-0.3806604121779961,0.4182073530334159,0.658225729171933
411,5.513800443989246,-0.36218679190649045,0.41211569156887573,0.662247655149803
412,5.489139225305576,-0.36736772382050814,0.4119432201508357,0.6623618837922852
413,5.804399844077918,-0.35780849567857764,0.42054702919795256,0.6566874943099279
414,5.591293856621249,-0.35680812912254645,0.4144957982953738,0.6606733093498978
415,5.845649210041996,-0.3607995319849211,0.41979951471922256,0.657178561236878
416,5.751080280915499,-0.3690657763640871,0.4118458810194506,0.6624263606607264
417,5.3996166339136495,-0.38312733682197675,0.41978546807119455,0.657187792457653
418,5.708016972171087,-0.3802406412386567,0.40976355418660887,0.6638071860122043
419,5.679040664711734,-0.3577278831835958,0.4160089764932006,0.659674348895504
420,5.637807645450593,-0.35436373719158143,0.4170127523940692,0.6590125159032356
421,5.538349097025357,-0.3595962365075624,0.4127683249017383,0.661815591260426
422,5.674122646071781,-0.37193449573905124,0.41040044477939,0.6633845480613664
423,5.640043677821949,-0.3818374598547255,0.41088824558545023,0.663061027457315
424,5.561476588702023,-0.3746131685298677,0.4112641726177082,0.6628118117394546
425,5.618874518668451,-0.379448356847807,0.4108793545230128,0.6630669228005178
426,5.652793786201936,-0.38513270508192937,0.4113476899334798,0.6627564577876153
427,5.742615783183907,-0.3747966946207911,0.41011702027856317,0.6635725941429315
428,5.742910552693936,-0.35440396470273466,0.4208171088604407,0.6565101603213344
429,5.666945091956342,-0.3696804089157885,0.41080003601590465,0.6631195183648204
430,5.367522799860239,-0.37065900504278687,0.41558534723538737,0.6599538654518405
431,5.569830164055865,-0.3554014921631573,0.4148083053604797,0.6604668765305363
432,5.6448497497802075,-0.36393046259665063,0.41226648976594293,0.6621477969268036
433,5.363828451450551,-0.3667557322669712,0.41467490036760446,0.6605549919868844
434,5.469004555134582,-0.35650415034280886,0.41339447285015785,0.6614013264947775
435,5.597359292993873,-0.3823090777048437,0.4119481707960623,0.6623586046817037
436,5.513039126860717,-0.3747605560218281,0.412288888479929,0.6621329658337831
437,5.482150900602907,-0.35612942706992917,0.41354375173586816,0.6613026006107794
438,5.773697276613724,-0.3636809865043644,0.4150341634863307,0.660317721564181
439,5.3559860841360125,-0.3679153575125296,0.4151965513058148,0.6602105027149627
440,5.593156551941068,-0.3773498105182909,0.4110399877078493,0.6629604208030552
441,5.396668484245082,-0.3543880092881871,0.4139804490953973,0.6610138745587836
442,5.485498950324931,-0.3520703530187152,0.415101245695498,0.6602734274783554
443,5.3654131668245455,-0.3810079610418647,0.42030626573617286,0.6568456196990096
444,5.484412151503608,-0.38465472365060643,0.41666899436635724,0.6592390956880188
445,5.612827656745553,-0.3527187842644425,0.41739065621753957,0.6587635196050509
446,5.7932314051959795,-0.38168802090761494,0.4093560467633777,0.6640777474922601
447,5.417332306081683,-0.37317867462770926,0.41463671603374336,0.660580215320797
448,5.7161187345444855,-0.3508940582999247,0.4228243271906467,0.6551937227243941
449,5.4098102333243405,-0.36578799083335267,0.41330958426741116,0.6614574742991305
450,5.847167403269467,-0.3868640693721679,0.4091029636198454,0.6642458356453872
451,5.768677980235813,-0.36626876394150165,0.41345078261380763,0.6613640841909674
452,5.860876446869547,-0.354709699699024,0.4265953428614146,0.6527276296887876
453,5.68357475087304,-0.37329569284191033,0.4102093926488387,0.6635113012004914
454,5.386024588375365,-0.3851887050212404,0.4217638639924379,0.655888900094901
455,5.428974161068931,-0.3558770190686601,0.4135596249784659,0.6612921036774797
456,5.373804246380735,-0.37388193230675293,0.41647781087973745,0.6593651433655818
457,5.35825783903852,-0.38431298726395885,0.4227456825514667,0.6552452522245438
458,5.689712495103738,-0.37363907611593256,0.41016499815207164,0.6635407581046648
459,5.776173490046471,-0.36946538450155303,0.41212367579599807,0.6622423676352214
460,5.354352980673204,-0.38851006200519045,0.4259777880324493,0.6531308492807893
461,5.426094364130849,-0.35996522937303266,0.4129608489131542,0.661688188132453
462,5.363377686131501,-0.3843098421165014,0.42245297769705814,0.6554370737628762
463,5.457052487741287,-0.3829573537904419,0.4170039659694878,0.6590183062924432
464,5.676718192297651,-0.3746346637866099,0.4100774742434053,0.663598836326953
465,5.595167578189796,-0.35782207460090565,0.41407687132031334,0.6609501412030035
466,5.661536426641125,-0.3678035847160231,0.411218871249987,0.6628418387011943
467,5.778911379798113,-0.3803381364137553,0.40945891648631366,0.6640094375119423
468,5.515262437331907,-0.38830806548544555,0.41722426704755694,0.6588731398398497
469,5.727028351878601,-0.3752023805485595,0.4099924619581697,0.6636552527785207
470,5.758280398585355,-0.3706031422772688,0.41139135927806264,0.6627275162794186
471,5.3438754116170015,-0.37474803968023224,0.4181165200338157,0.6582855205047996
472,5.805739375785768,-0.35270010707198196,0.42562063476656,0.6533641587578037
473,5.370680948958023,-0.37885520657952804,0.41886725421965176,0.6577915085195607
474,5.75812434941732,-0.38656497816862784,0.4097551198916459,0.6638127847814205
475,5.6458859886623785,-0.38099025761574773,0.41063693717505406,0.6632276812099887
476,5.366944155390724,-0.3609457314309265,0.4138344539902331,0.6611103863938711
477,5.776429748609894,-0.3885345445696168,0.4098018992229475,0.6637817327895403
478,5.750660522299334,-0.3860927340552499,0.40978773529991275,0.6637911346094987
479,5.556277156441703,-0.3830250398695216,0.4133311861521357,0.6614431857253511
480,5.459994176167433,-0.35907677375999214,0.4128330232569022,0.6617727742653591
481,5.370304236484921,-0.38138348298787483,0.4202709968124441,0.6568687863456013
482,5.3571293214358375,-0.37598173719643013,0.4180857576975776,0.6583057712168001
483,5.3585557108616095,-0.3883483138294265,0.4255908889832578,0.6533835938755426
484,5.811071559521974,-0.37406596297982586,0.41098295364124515,0.6629982332101386
485,5.870455019151849,-0.35357752277650567,0.42848652735075476,0.6514943678501581
486,5.409981974681363,-0.3532744377489481,0.4142109005498053,0.6608615605011797
487,5.4572956833536965,-0.35604994499537485,0.413498579721033,0.6613324736563724
488,5.5276066953925005,-0.3702262141683482,0.4114728884173118,0.6626734868779749
489,5.889727796686122,-0.35594516194485304,0.4269375529559985,0.6525042979202665
490,5.756939804727404,-0.36572145148278784,0.41345441088525453,0.6613616845868979
491,5.584006103712087,-0.38462445186581257,0.41302956590458145,0.6616427204731199
492,5.694099157231377,-0.36501065392285775,0.4125410404270423,0.6619660287648381
493,5.517138830166498,-0.3701324034257497,0.41162712487473624,0.6625712863486561
494,5.636214570173791,-0.37914820113033015,0.4105459415803403,0.6632880347531827
495,5.82220000834533,-0.37616094869180855,0.41048921906579483,0.6633256591854478
496,5.812428269130237,-0.3753302765023025,0.4106060729616968,0.6632481515265445
497,5.3812172795325655,-0.35378624712469237,0.41417293737646516,0.6608866493793786
498,5.474926210639769,-0.3601643471194016,0.41258708226946933,0.6619355513308737
499,5.60528832933897,-0.3719203971585002,0.4106175310040539,0.6632405520446687
500,5.514895259926464,-0.3739028713153383,0.4120917520369619,0.6622635092384472
501,5.843762298226669,-0.354947008205668,0.4253430652676504,0.6535455378914488
502,5.792500050630773,-0.38354101065747764,0.4092884675850598,0.6641226268372123
503,5.677126195069912,-0.3820832490287791,0.41028563845572696,0.6634607131745388
504,5.750535743082409,-0.3729326362072266,0.4105910227645429,0.663258133617103
505,5.557405708346084,-0.358679087805151,0.41322089544555296,0.6615161407847276
506,5.489311881530416,-0.36759049110843084,0.4119466219337204,0.6623596305847979
507,5.354164980739135,-0.36512200898427377,0.4146314200942921,0.6605837137228837
508,5.821935710858838,-0.3838274014854038,0.4092181356938872,0.6641693374801331
509,5.395520229353451,-0.35982847178074695,0.41334198041836373,0.6614360459700439
510,5.746883923695331,-0.3701056942528775,0.4114033946281176,0.6627195401697669
511,5.389671009433892,-0.38236073459332653,0.4198458670632347,0.6571481001761065
512,5.607916069281394,-0.36875493118845354,0.4108881733849218,0.6630610753306733
513,5.700108830905842,-0.3694561651943739,0.4110746354528211,0.662937451117395
514,5.750009842561051,-0.36457742548924926,0.41388495687938953,0.6610769992523875
515,5.565480742941717,-0.385763866494751,0.4140570017525149,0.660963274127118
516,5.63877762230369,-0.38900095300656057,0.412950809741748,0.6616948309669354
517,5.844265948485795,-0.3891147419196724,0.40919165372307953,0.6641869262260308
518,5.568077540145888,-0.3645937256685995,0.4116139522297586,0.662580014222468
519,5.725541610219293,-0.38440965176227876,0.40989900163364235,0.6637172811123685
520,5.686317947641078,-0.38868556866824644,0.4115421532148803,0.6626275885226408
521,5.570872797486512,-0.38686747699080576,0.4143258049100157,0.6607856289888973
522,5.568755811685696,-0.38944488074702305,0.41558387969034644,0.6599548339645737
523,5.777528841990095,-0.3507993182909201,0.42610110175218086,0.653050314251932
524,5.735504100880716,-0.36220506580189515,0.4148403058802209,0.6604457415853818
525,5.703371999142117,-0.36347035689645607,0.4134011723853631,0.6613968954281488
526,5.495333136389935,-0.38796311304628184,0.417929471855623,0.6584086631285834
527,5.6263025136133304,-0.3754543360046455,0.41040580811799465,0.6633809901149513
528,5.693558651574833,-0.3704828100654159,0.41075923893911936,0.6631465722545851
529,5.49724181391937,-0.37483455917326713,0.4126976506887472,0.6618623662093555
530,5.881796096247547,-0.379317464879419,0.41038474051029383,0.663394966112627
531,5.36438984213392,-0.3713625055392382,0.415928758610129,0.659727268697818
532,5.617496335834742,-0.37783140159592676,0.4106887019730674,0.6631933502516092
533,5.407391984611415,-0.38169182301584326,0.41860728096458627,0.6579625389498905
534,5.442646259786806,-0.38063193980748045,0.416513739066622,0.6593414539970464
535,5.3862658869599995,-0.3520301621040307,0.41455402882223685,0.6606348391150918
536,5.725609527748852,-0.3777088348553066,0.4097172063266621,0.6638379527676744
537,5.397232354962756,-0.35417617406693175,0.4140222136462499,0.6609862681876931
538,5.374622781960156,-0.36863736563345373,0.41477738202622927,0.6604873006843104
539,5.683298973990018,-0.3808000238923364,0.41005678396348205,0.6636125665146736
540,5.684065560237593,-0.3555388352164581,0.4176434007105898,0.6585970417923097
541,5.54743068530639,-0.3808147416635035,0.41288066079607866,0.6617412497897793
542,5.430665581570153,-0.3610439999690847,0.4128313886964832,0.6617738559738263
543,5.668934393903806,-0.37237584915894323,0.41033315455208286,0.6634291888603254
544,5.7165522422419714,-0.3705141229492345,0.4109286124685507,0.663034262290548
545,5.365863953936528,-0.3774976915396544,0.418410364814448,0.6580921151574011
546,5.411044595172659,-0.3893235062007441,0.42315124130194565,0.6549795656581918
547,5.536040027563098,-0.3751729236772425,0.4118402692057482,0.6624300780844847
548,5.781747133772703,-0.37300517073926914,0.4109169271181065,0.6630420101235274
549,5.879458804471549,-0.3827927218334752,0.4095509517570769,0.6639483280357282
550,5.674937658187646,-0.3694673480355245,0.41088775048341103,0.663061355740263
551,5.654003043964991,-0.3898934295120652,0.4128294591197923,0.6617751329184655
552,5.648615457936423,-0.36143743498736286,0.41332330747051993,0.6614483970461474
553,5.756399320837746,-0.36865752450333855,0.4120981860324783,0.6622592482517058
554,5.67596882274159,-0.3874438469276478,0.41142937721543454,0.6627023212251452
555,5.360071608167273,-0.3507952361723675,0.41491805264789705,0.6603943960597483
556,5.778491442836237,-0.36551239700735705,0.41410041914169665,0.6609345774503822
557,5.6685812594862695,-0.36148919805112834,0.41366330457643763,0.6612235447321719
558,5.846181479379956,-0.3519575398707522,0.4288795200586133,0.6512383856172521
559,5.82954234810849,-0.37552317174275435,0.41078079740930634,0.6631322759830809
560,5.666326227735374,-0.3729294536724003,0.4102664465834085,0.6634734463500207
561,5.603209914452565,-0.3564801082624381,0.41489147067004906,0.6604119508822752
562,5.826584572627453,-0.3651226977126778,0.4157786002743024,0.6598263396845662
563,5.581870460806128,-0.38225405623449604,0.4123385469579972,0.6621000861348056
564,5.71424748643119,-0.37230128221858844,0.41047116488705654,0.6633376350935678
565,5.618073969908631,-0.3875323727472822,0.4130327501993578,0.6616406136110158
566,5.728123990036517,-0.38426322697903476,0.4098484701876812,0.6637508205536836
567,5.609112097598773,-0.35468071913097843,0.41603821079948267,0.6596550640554328
568,5.466378543860982,-0.3553840395395997,0.41370814139150575,0.6611938982390102
569,5.671639410113469,-0.3744664765793655,0.41010716599694474,0.6635791332063673
570,5.530427107540809,-0.3574299912837113,0.4134237827407198,0.6613819411783726
571,5.761095093093896,-0.3591386888981731,0.41769600994802686,0.6585623944155566
572,5.880530326699941,-0.3733570480212031,0.4126500763457508,0.6618938546255962
573,5.6747819079909565,-0.3540705760654569,0.4184085934606381,0.6580932808724089
574,5.350220196349717,-0.36028003677826054,0.4141429059904385,0.6609064970194906
575,5.423360342841448,-0.3858481715781062,0.420192314387949,0.6569204724076517
576,5.376811664206144,-0.3550028130714853,0.4139938990572784,0.6610049840071568
577,5.682950061852869,-0.38503529110302487,0.4106898992190577,0.6631925562465052
578,5.8167585791372955,-0.36283337874030896,0.4170199412789545,0.6590077783551497
579,5.788835345866915,-0.3667351084768719,0.4137026297781388,0.6611975424941807
580,5.5138655629015805,-0.3850634038891006,0.4156584332543778,0.659905633813648
581,5.809340067658756,-0.3609398546080766,0.41815861855259323,0.6582578082427804
582,5.809234063741365,-0.37890989428110805,0.4097356066086184,0.6638257380745475
583,5.6666939902623366,-0.3635904842821445,0.41269282698333415,0.6618655588461342
584,5.5255347322305735,-0.3676366234585652,0.41148388769640304,0.6626661979874326
585,5.693851355494645,-0.3670729423806771,0.41175432396132794,0.6624870132460752
586,5.491235854787734,-0.3514670382948374,0.4154581226160701,0.6600378331724069
587,5.596728716465501,-0.37372515301498055,0.4106885942768847,0.6631934216750053
588,5.441641549763506,-0.35959576311191127,0.4128618098827119,0.6617537243343282
589,5.740986986845969,-0.3534091406615703,0.4216249000946939,0.6559800513061623
590,5.49290401106942,-0.3636725207233342,0.4120256884782543,0.6623072621678909
591,5.454200536109072,-0.3701140323807969,0.41287099626530926,0.6617476452393537
592,5.412884586854637,-0.38927294415835956,0.4230098700866186,0.6550721674608638
593,5.410336472266507,-0.3887104242632834,0.42276272433459483,0.655234085772208
594,5.445657236156359,-0.35574114823165964,0.4135713887935358,0.661284324405222
595,5.398272015154526,-0.3554372582925218,0.41377405511103027,0.6611503179261364
596,5.517398022307942,-0.36279445415564343,0.41200345048917414,0.6623219907133208
597,5.824020814835747,-0.3520801186010587,0.42737002329812696,0.6522221701736435
598,5.601405808771798,-0.3677834872775366,0.41104089772630253,0.662959817497113
599,5.59330982804506,-0.3735011419601541,0.4107223642967565,0.6631710259981298
600,5.414608962837808,-0.3726353660013227,0.41456569840433344,0.6606271298275831
601,5.720685412283615,-0.36367344416037733,0.4136702032361037,0.6612189831917079
602,5.532675106269751,-0.3578901624699841,0.41328098271592023,0.6614763932796955
603,5.50044551716048,-0.387917844358148,0.41767180432045775,0.6585783355245385
604,5.706501842634655,-0.37048999602314997,0.4108492590563144,0.6630868784092969
605,5.384060114169422,-0.3831833590564689,0.42061835989634155,0.6566406540029313
606,5.385796402660755,-0.36604979663066767,0.41392694998128804,0.6610492391614654
607,5.368700020945687,-0.35271562991882227,0.4144502142556014,0.6607034261947262
608,5.53747428531541,-0.38828632525118917,0.4162659957659204,0.6595048216609356
609,5.431149756848898,-0.35909933982282033,0.4130043218247394,0.6616594232456047
610,5.753238984997807,-0.3637284117795641,0.41443518695282194,0.6607133548597593
611,5.586155898305386,-0.3633186799547458,0.41196180098823776,0.6623495766681597
612,5.625981296983309,-0.35953081188868485,0.41380513588472306,0.6611297691820651
613,5.565999325547929,-0.3868552334755161,0.4144940039230686,0.6606744948448504
614,5.476356030753696,-0.3546560623342432,0.4139927827073114,0.6610057219204608
615,5.505702673017875,-0.36371470318769156,0.4119310842728164,0.6623699221840879
616,5.585631694722091,-0.3803902199113348,0.41175826730068354,0.6624844008401141
617,5.472189411374113,-0.3608448634147495,0.41249532545100526,0.6619962912176989
618,5.597941684163883,-0.3789003618332192,0.4111885341932269,0.6628619476766999
619,5.852682966372273,-0.3635476941233861,0.41786480452372066,0.6584512420368467
620,5.367515799821916,-0.35849396096211333,0.4137998795240347,0.661133244327727
621,5.838788691293894,-0.37036891615596707,0.4130792350418027,0.6616098580661758
622,5.74096096991913,-0.3572049482292478,0.4184182920530758,0.6580868983248427
623,5.557961703415451,-0.35243340815731855,0.41616797617681617,0.6595694692208789
624,5.442937549080706,-0.37625306345074877,0.4147528083769147,0.6605035314670381
625,5.464859416732214,-0.37165302354128654,0.4128766623517646,0.6617438957306067
626,5.813725934570763,-0.3730563634420629,0.41137918451039873,0.6627355848820704
627,5.4879654676427565,-0.38084066135527905,0.414835518622636,0.6604489033168357
628,5.50207329685174,-0.37197292250003133,0.41207750441655344,0.6622729449847555
629,5.6325764745095634,-0.35163127586659976,0.4187930320624049,0.6578403330362498
630,5.766497373984724,-0.35178927544322547,0.42445064743350486,0.6541290339072895
631,5.465480032194932,-0.3565776625938803,0.4133694103671575,0.6614179030620032
632,5.816505796632104,-0.3770578262227729,0.4101863119116891,0.6635266157071645
633,5.559959693417503,-0.3644010652828396,0.41165050218912963,0.6625557973924329
634,5.443448326622806,-0.3742781622930249,0.41411010207232685,0.660928177697702
635,5.348242449634308,-0.3722088024668917,0.4168636679068223,0.6591107717702892
636,5.742678390697221,-0.3667850539854148,0.41264416880892774,0.6618977647994652
637,5.513672935911049,-0.37557109875999606,0.41243862130124614,0.6620338302188346
638,5.392742060736442,-0.3847852734245683,0.42114251979801387,0.6562965594904461
639,5.682858759326788,-0.355962902025834,0.4173022647720965,0.6588217512383051
640,5.690325319783697,-0.3551278431998508,0.4181585623806686,0.6582578452183894
641,5.344845792097187,-0.37567558102238835,0.4185042356497802,0.6580303424002012
642,5.4772248281311064,-0.38346638296578867,0.4163947891254583,0.6594198872889313
643,5.877511317029677,-0.3631827214323916,0.4192010395216667,0.6575719840212902
644,5.698106959932597,-0.3605172400846601,0.4148386760155646,0.6604468180234306
645,5.3437486450229015,-0.38946927443322116,0.42741051596631463,0.6521957604924249
646,5.808078995636691,-0.36479917365256753,0.41538559050141227,0.6600857088484422
647,5.431710095044024,-0.36107216243070134,0.41281762951597367,0.6617829615024093
648,5.503286175714625,-0.364822295465804,0.411844209348152,0.6624274680207864
649,5.656171835506038,-0.356996188642541,0.41583826482139596,0.6597869726192692
650,5.850709166861004,-0.365986555230359,0.4160258077000488,0.6596632458735242
651,5.661331286654339,-0.3631250631104759,0.41280216401469855,0.6617931963867879
652,5.86560704506642,-0.3662026710800016,0.416409539603833,0.6594101606018808
653,5.773737798693754,-0.35424396313899853,0.4223828361257867,0.65548304876146
654,5.610702090916437,-0.3503981254087811,0.41898563149775786,0.6577136455599144
655,5.522710223852591,-0.3729349854063268,0.4117857898131541,0.6624661678558402
656,5.608626320294587,-0.36575999317745317,0.41144652299945683,0.6626909587716837
657,5.702638824962055,-0.3646912558060577,0.41282380999982954,0.6617788713761391
658,5.623944177767158,-0.36913248888710976,0.4108162129039056,0.6631087912414065
659,5.490277945214902,-0.3798885314564253,0.4143922648560076,0.6607417146709701
660,5.4750687983206525,-0.3674416881226773,0.41216701972407854,0.6622136640717339
661,5.576109269480869,-0.37164507955547543,0.4108892176555558,0.6630603829158253
662,5.387712713496824,-0.3707892843530777,0.41492529259171257,0.6603896148587326
663,5.58916169735368,-0.3557729666483848,0.4149815521574478,0.6603524626708773
664,5.538123824770824,-0.37609117745709814,0.4119581008145334,0.6623520274811807
665,5.5412348124486,-0.3852166204703337,0.4146878174099785,0.6605464596251691
666,5.3685752657471255,-0.3726255230287975,0.4162118732798776,0.6595405166673836
667,5.527245552263106,-0.37982135588554755,0.41317420125245563,0.6615470304683213
668,5.634502787259223,-0.35926938701432504,0.4140870660300486,0.6609434030425114
669,5.401428646446644,-0.35426022792932665,0.4139894950651093,0.6610078950743402
670,5.452734955752387,-0.3666493278002118,0.4125121214506153,0.6619851724216257
671,5.8259469379194755,-0.3615158050934952,0.41837160276833935,0.6581176246487094
672,5.725212800305748,-0.369459229666379,0.411338707857585,0.6627624107431539
673,5.758734370312234,-0.3603615850487641,0.41673081039962584,0.6591983454016712
674,5.564974040465287,-0.3826463573517448,0.41293853808098197,0.6617029511112554
675,5.823368401914278,-0.3768051356016526,0.4103257654623405,0.6634340910162508
676,5.372433280159294,-0.37624930976559434,0.4175269575740261,0.6586737353627208
677,5.481341236487914,-0.3564198512080198,0.4134527570257028,0.6613627783871416
678,5.88665456556623,-0.37069759924326723,0.41423436943805614,0.6608460509970632
679,5.780298124171263,-0.3700604216733331,0.4119542282100195,0.6623545925135987
680,5.387804604422702,-0.37494574832086114,0.4163341954682532,0.6594598451621205
681,5.643076069924894,-0.3774393582691834,0.4103011339695136,0.6634504325895626
682,5.653113021034755,-0.3879511955886593,0.4121661116166231,0.6622142654331724
683,5.460512148937156,-0.37030812668464547,0.41275276818630435,0.6618258870173328
684,5.744648937552298,-0.35249843064863745,0.4226483819827913,0.6553090110620423
685,5.62038815629451,-0.37181501666860967,0.41052579206699874,0.6633013998189375
686,5.8647269032368525,-0.3813411998058444,0.40969691982915013,0.6638514198512511
687,5.794346272919334,-0.3753903488658772,0.4103802120343215,0.6633979702875935
688,5.746761961579556,-0.35459042947729147,0.4208213009514839,0.6565074081767401
689,5.41428221378159,-0.3647560428919735,0.41311784567149207,0.6615843133860984
690,5.490026754317596,-0.38619943159176595,0.41721279849570025,0.6588806962039512
691,5.665481864513155,-0.3642190620049739,0.4124248495565339,0.6620429476425165
692,5.867503510266884,-0.377189474056039,0.41082584571570874,0.6631024036699807
693,5.663968028237192,-0.3757874791737693,0.4100790293745876,0.6635978043445125
694,5.496750092208668,-0.35675567681307097,0.4134187111608688,0.6613852954382049
695,5.42558709669536,-0.3579894277063168,0.41319333270701175,0.6615343742324375
696,5.810100687529432,-0.3560086334839374,0.4224761024158249,0.6554219171401231
697,5.452575448567767,-0.37699222711624697,0.4146713224902258,0.6605573553758756
698,5.492277704437407,-0.35256192647060824,0.41496753722448415,0.6603617175312271
699,5.740875792288613,-0.3540397543859065,0.42105048452333205,0.6563569647042341
700,5.342930619127535,-0.3838260681575646,0.4233037887724,0.6548796578027904
701,5.352742723633894,-0.3586512777341349,0.4140451430951931,0.6609711123105632
702,5.549564296506165,-0.3584799090027959,0.4132184080104924,0.6615177862652158
703,5.6039494962746925,-0.364226931509861,0.4118126820838581,0.6624483528758658
704,5.439238029477415,-0.35043459889475737,0.4152987743499124,0.660143017436964
705,5.742262202242858,-0.38306649758324257,0.4095928272698663,0.6639205254411541
706,5.357216475015836,-0.35513235161373263,0.41416404629352793,0.6608925254035124
707,5.848808788871943,-0.37514677883407105,0.4112194471191171,0.662841456991151
708,5.3366829070745485,-0.3560236911284952,0.41436676464347955,0.6607585639399495
709,5.5511846276437025,-0.35271916960211647,0.4158625129676187,0.6597709742022481
710,5.426204008658061,-0.3808792474196937,0.41733359014813576,0.6588011137224453
711,5.557156454696701,-0.38249582008831556,0.41312440329767436,0.661579974977708
712,5.640065321371782,-0.380461056973467,0.41065748897623466,0.6632140508266119
713,5.397639736698425,-0.37999313446793676,0.41818190772315955,0.6582424781429209
714,5.437216618638285,-0.38330703847715003,0.41806918355826655,0.6583166821587809
715,5.46060746040157,-0.38585599861003494,0.4183646656414131,0.6581221901100395
716,5.782298455217768,-0.3514437868675865,0.4256681349581145,0.6533331245721786
717,5.442268270023846,-0.3734252698671836,0.41390826044782797,0.661061593978792
718,5.359438966692256,-0.3602327061574344,0.41395296254497616,0.6610320437996794
719,5.762811943243081,-0.35927163446529586,0.41765972176904714,0.6585862928792078
720,5.331117306068094,-0.36983836776751466,0.41667885878493094,0.6592325927097128
721,5.332752717959766,-0.35162151004801956,0.41488945453079845,0.6604132823660732
722,5.647332457960848,-0.36338823610876103,0.41249747420591465,0.6619948687514464
723,5.8637349650360555,-0.37323693330794167,0.41230421825893976,0.662122815559542
724,5.704958742159733,-0.37881632070984755,0.40976610801910296,0.6638054907620076
725,5.358992198118306,-0.35170077422254437,0.4147105142618955,0.6605314674701287
726,5.694522133769972,-0.3571801784491829,0.4168307837805919,0.6591324464084817
727,5.801404916378782,-0.38599667466810134,0.40928970200857706,0.6641218070291295
728,5.400523727934637,-0.36463302389709207,0.4133952163832641,0.6614008347211775
729,5.42087014868975,-0.3685631447355972,0.4134374013649857,0.6613729341275514
730,5.590907238577591,-0.3621426530108782,0.4123372860296969,0.6621009209960682
731,5.417250361519886,-0.3560034509239849,0.41357366267509243,0.6612828207247026
732,5.714792907769565,-0.3513646511367012,0.42231667214210794,0.6555264195659767
733,5.478899158771995,-0.3502751929953567,0.4158545896554076,0.6597762017943744
734,5.874021125465174,-0.37469810779884594,0.41189140339257724,0.6623962061271256
735,5.671765051038732,-0.38099454536570576,0.4102299244752749,0.6634976782414693
736,5.427187186610605,-0.35139658192031986,0.4148394250554804,0.660446323322587
737,5.657043739161225,-0.35218032220104545,0.419231435454831,0.6575519968109798
738,5.701604850396968,-0.36601931764810375,0.4122522520969983,0.6621572244350414
739,5.474302182489625,-0.38732398198100804,0.418548106599733,0.6580014746172155
740,5.344426890678483,-0.35504516017383747,0.41432366791496056,0.6607870410860277
741,5.764024140075162,-0.3800769327071451,0.4094884229824989,0.6639898452090589
742,5.371648246071996,-0.35664506797567086,0.4138501313369493,0.661100022018369
743,5.46446223461896,-0.3836134278647184,0.4170078051475708,0.6590157762086621
744,5.5610955422415955,-0.3581174734560693,0.41347279884652316,0.6613495236056653
745,5.705397204653763,-0.3544270787667365,0.419255513748791,0.6575361642713176
746,5.532461488493157,-0.35385446201494264,0.41493868223620645,0.6603807725357601
747,5.653820128803909,-0.36561744495028853,0.4117920799515087,0.6624620008650948
748,5.418507733917878,-0.3683215111541921,0.4134566699682269,0.6613601905176654
749,5.731048402210279,-0.35603107747822205,0.4189621341729505,0.6577291002526456
750,5.3664713632080545,-0.38170660668330475,0.42065925928939835,0.6566137983479199
751,5.468787046809825,-0.38615830770075915,0.4181505031731774,0.658263150276324
752,5.446708943121729,-0.3568541994280386,0.41330855069105504,0.6614581579662898
753,5.52479338940305,-0.364419740311081,0.41173988185431143,0.6624965810235067
754,5.555883046936823,-0.3848605962259265,0.41402497672135496,0.6609844418355139
755,5.772107444659288,-0.3578365716380299,0.4191373145096744,0.6576138891390457
756,5.352996809775079,-0.3715660657639667,0.41643494313943064,0.6593934094651626
757,5.402780730332282,-0.35395473195672733,0.41405357854164415,0.6609655367476558
758,5.51783629225769,-0.36326075979018574,0.4119294394444008,0.6623710116698536
759,5.643724450195533,-0.3643324141967727,0.41211293162534307,0.6622494829184581
760,5.518380647800953,-0.3898253437871203,0.41792683929488594,0.6584103964316603
761,5.363150419330402,-0.3791676753288766,0.419397054925394,0.6574431024151653
762,5.7042506400479684,-0.3721100303383513,0.4104591039892496,0.6633456355892426
763,5.577995493326575,-0.38003916608292226,0.4118591726256653,0.6624175560089084
764,5.7566396994722115,-0.3797264879707031,0.40952221291629237,0.6639674094152038
765,5.76062929161577,-0.3502138657617571,0.42579628970415573,0.6532494021963433
766,5.552232486517663,-0.36412720162496787,0.411705710313495,0.6625192199392671
767,5.58553835868518,-0.35087468125336146,0.4178554488991363,0.6584574022882907
768,5.57283140770065,-0.3569669950038164,0.4141139069991104,0.6609256629191609
769,5.868590952136784,-0.37091670226437246,0.41358263030974185,0.661276890608556
770,5.4391936098828655,-0.3863237921764817,0.4196753259725329,0.6572601804867406
771,5.559440623290532,-0.3677491987355675,0.4111941366940218,0.6628582340025141
772,5.335510723175443,-0.37358174040317993,0.41796986059336966,0.6583820713707655
773,5.760926689365493,-0.3689080067701372,0.41207598887230007,0.6622739486894721
774,5.821103529705704,-0.35678294238882846,0.4222798491768927,0.6555505584369518
775,5.6689425101093525,-0.38682254905007013,0.4114218914764026,0.6627072820603455
776,5.829245943049606,-0.35612168882172546,0.42333897616276317,0.6548566147020461
777,5.384142194867954,-0.3620783716318281,0.4135490914681693,0.6612990694413498
778,5.765479047286419,-0.38674341800062867,0.40968760514115177,0.6638576034489034
779,5.761408022918289,-0.36232378822361155,0.415511365645366,0.6600026916942466
780,5.347695394474327,-0.35797545640633305,0.4141350824401035,0.6609116676749631
781,5.872043515290185,-0.3650867707990675,0.41746434691370954,0.6587149766512838
782,5.828129871018923,-0.3756531650590667,0.4107196110064184,0.6631728519030218
783,5.873809163108955,-0.3581841292556219,0.42362587003110913,0.6546687673020644
784,5.361627431900185,-0.3805632261474469,0.42024598152175907,0.656885218314758
785,5.632331790410915,-0.36139734616841573,0.41308180713948056,0.6616081563431847
786,5.850736547454019,-0.35107341149029836,0.43025160711192517,0.6503454425975949
787,5.6339397494773245,-0.3758500618200789,0.4103357072034458,0.6634274953590636
788,5.541074601367484,-0.3774366358863163,0.412165045228072,0.6622149716112599
789,5.628709826758711,-0.3759435108659321,0.4103956805893436,0.6633877085589558
790,5.363721382471204,-0.3592648766614906,0.4138534157316569,0.6610978507085213
791,5.350334333028239,-0.3733523231482335,0.41723096347301314,0.6588687277597564
792,5.545731279814616,-0.3685945045342052,0.41125037495914735,0.6628209570536149
793,5.598575733497779,-0.3835684210389264,0.4122706441675426,0.6621450461046509
794,5.630095462904965,-0.3872460712195702,0.4125722626527522,0.6619453610347237
795,5.685592007617984,-0.3875516967844228,0.4112358252261258,0.6628306009917393
796,5.813830099518145,-0.3672458364035221,0.4140874271570983,0.6609431643580134
797,5.660134244598192,-0.3610038702009831,0.4137338082557839,0.661176927682754
798,5.863652195234075,-0.3776803460865875,0.4106081520099223,0.6632467726030854
799,5.368579924618915,-0.38494624280977696,0.4225789775678001,0.6553544939789329
800,5.85038284410862,-0.3643786499152042,0.41714998571555506,0.6589220836320798
801,5.424346210566294,-0.35520900171288633,0.413718679436183,0.661186930584883
802,5.5969268022927885,-0.3633767851897883,0.41200799858313214,0.6623189784175266
803,5.871828253063078,-0.350379420800483,0.43257725376907286,0.6488347262701241
804,5.824157934408072,-0.3614055965001443,0.41838615560807446,0.6581080472380805
805,5.611203792707421,-0.38622405054989467,0.4127693942399921,0.6618148835560757
806,5.360709741133127,-0.3578957722464757,0.4139230822161543,0.6610517959496088
807,5.614650588567539,-0.3772429052467823,0.4106710222041393,0.6632050754604455
808,5.486976115869664,-0.3596008665416926,0.412659714862746,0.6618874749811746
809,5.49930534341637,-0.3589797247097372,0.41280118420009715,0.6617938448217425
810,5.694870367557705,-0.37986104735441395,0.40986778185745626,0.6637380025407932
811,5.517585002406765,-0.3673079693363773,0.411578266605476,0.6626036592258036
812,5.367951139721163,-0.37453599810078997,0.41697907538432266,0.6590347098478675
813,5.542384188765618,-0.37936938996607233,0.41260821118989927,0.6619215654950332
814,5.741567712178039,-0.3660741757595726,0.41294637442554555,0.6616977657992488
815,5.770670839097462,-0.3646105884503483,0.41439952797524215,0.6607369156425412
816,5.727458916245841,-0.3846581279142229,0.40990478266275027,0.6637134441545378
817,5.656976244052367,-0.3618737122602902,0.4132709507157592,0.6614830292442654
818,5.44732972843774,-0.3503589911931255,0.4154105482598509,0.6600692347943505
819,5.51077657574238,-0.3874260518264221,0.4169509204501406,0.6590532651879579
820,5.36253277352157,-0.36976683615359146,0.41548939048810757,0.6600171955165489
821,5.581197727773019,-0.35103492618726656,0.4176227039758597,0.6586106727416352
822,5.372853817441737,-0.36168897946174783,0.41375383460271886,0.6611636868567979
823,5.539212264461257,-0.36494782314766094,0.4116065083263385,0.6625849464224594
824,5.43246272919452,-0.37942650902545144,0.41639492931562455,0.6594197948447542
825,5.681185399026633,-0.36220576489445316,0.41356525287483326,0.6612883820045243
826,5.615502479982002,-0.3816538193836924,0.41135948898933683,0.6627486379332839
827,5.8814259456822375,-0.3526984285956998,0.4302660268324699,0.6503360648656674
828,5.6665282021350825,-0.3732916833062226,0.41022679738532575,0.6634997530616343
829,5.331594539272171,-0.3635403965633429,0.4149935114618324,0.6603445653619984
830,5.630586883056994,-0.38334859139709065,0.41141197850792127,0.6627138514893061
831,5.578446162220563,-0.36931701571195635,0.41095005698899484,0.663020043991208
832,5.396737803896027,-0.37851921806511535,0.41750338947913057,0.6586892592307543
833,5.5436414209023885,-0.35261234825672116,0.41576972466839757,0.6598321960691123
834,5.716725226633079,-0.35826650642721863,0.4167936164979332,0.6591569450256975
835,5.346809060963336,-0.35628477936570835,0.41420205531942356,0.6608674059997852
836,5.820226080234072,-0.35169379461282074,0.42758484768803595,0.6520820719926428
837,5.5864866990656665,-0.3711443133320072,0.41079616398894797,0.663122085986442
838,5.516431189277754,-0.3525538865174421,0.4153156721242521,0.6601318625834698
839,5.836665635858024,-0.3605413985766105,0.4196214963176751,0.6572955615276741
840,5.337322085414144,-0.3692023595646293,0.416227520244293,0.6595301969411251
841,5.561162226053489,-0.38737691470786395,0.4149005575442503,0.660405949829222
842,5.716891228402933,-0.3824481015405814,0.40980274835632713,0.6637811691505535
843,5.70659903737186,-0.3855279181982075,0.41035686468345806,0.663413459053578
844,5.849746603406801,-0.3610256059371539,0.4197890933821037,0.6571854099518983
845,5.392688706080157,-0.35617467316643375,0.41369656436658836,0.6612015529415546
846,5.7807553542517045,-0.37774911891518126,0.4097797496555511,0.6637964354305953
847,5.543785760563509,-0.35246115771182557,0.41585500102264117,0.6597759303841193
848,5.775069642070601,-0.38518160024699727,0.4094401055210127,0.6640219282879123
849,5.713590271992137,-0.3820778173379984,0.4098096091728663,0.6637766150853521
850,5.489098087586727,-0.369950468212332,0.4121014779664652,0.6622570681415667
851,5.363919021181909,-0.38986190975381035,0.42641391185325667,0.6528460654643308
852,5.514902094901601,-0.35781867723500327,0.41318315499039837,0.6615411071760915
853,5.546491678284307,-0.36468534074611186,0.4116207883937405,0.6625754847323219
854,5.33869044311654,-0.35136465489940055,0.41489244882211446,0.6604113048992774
855,5.5808415803385,-0.3844609631023599,0.41306929537235204,0.6616164342821529
856,5.83912659259543,-0.3643548205825416,0.4167465861821685,0.6591879461139504
857,5.449804068153088,-0.3752221721487675,0.41418675515421793,0.6608775174576293
858,5.512269495443246,-0.35842145172595347,0.4129879657746181,0.6616702454687986
859,5.861924078722364,-0.38618661780126157,0.4091028143410514,0.6642459348032119
860,5.7248725672089265,-0.3818835234602018,0.40968452045888415,0.6638596512418393
861,5.637208682613534,-0.3809838388588616,0.41079079302245913,0.6631256476025085
862,5.332809174236422,-0.37984417459582975,0.4213440513489916,0.6561643083537466
863,5.703309281934967,-0.3820649857222178,0.4099260901034176,0.6636993022703706
864,5.5675724053645075,-0.3602575597087244,0.41276083708881783,0.6618205468303143
865,5.441349281272962,-0.374441186241689,0.41422544468341654,0.6608519489122416
866,5.748046025685423,-0.36337599959978095,0.41449836830915404,0.6606716114125704
867,5.445393780045125,-0.3556845182105451,0.41358566267290264,0.6612748853799141
868,5.375778560705258,-0.3684818390507088,0.41470283250674206,0.6605365415306217
869,5.805828811349521,-0.3839601450713115,0.4092400948047991,0.6641547530721179
870,5.597640246488098,-0.3678873216107276,0.41102951671320775,0.6629673626944131
871,5.593675065421868,-0.3649814379667021,0.41157647938885544,0.6626048434431344
872,5.697724729468624,-0.38986172867703967,0.41162268231248134,0.6625742298693824
873,5.366689795611211,-0.35406176394448613,0.4142185406738982,0.660856511456137
874,5.6798370523750155,-0.35481941083786944,0.4180249968156702,0.6583457716712431
875,5.424289545596799,-0.3869782715142954,0.42084678803495873,0.6564906759308551
876,5.497797034829709,-0.37372242098293146,0.4124559409033475,0.6620223641556117
877,5.781419713621961,-0.3735853115501046,0.4107364353179749,0.6631616945702031
878,5.527178723208847,-0.36485765839176293,0.4116744788473892,0.6625399117089444
879,5.501406827847507,-0.354934548427824,0.41408710978557256,0.6609433741225872
880,5.662805569870096,-0.3831206374533339,0.4106946323698903,0.663189417263534
881,5.457653554566408,-0.38005763406046555,0.41565862969206957,0.6599055041833213
882,5.610949841388619,-0.36976758402434223,0.4107526189917426,0.6631509622645272
883,5.785819529223127,-0.3614848280916424,0.41687494310057016,0.6591033402105324
884,5.469281607978714,-0.37664441747898875,0.41399516547962756,0.6610041468962022
885,5.528942181700055,-0.383602669410864,0.41446172770084566,0.6606958192657971
886,5.6881441079596105,-0.38972584620743955,0.4118210346993543,0.6624428197225962
887,5.648149736786589,-0.35350481827152025,0.41792811222137255,0.6584095583241611
888,5.682703211540308,-0.3502324562988553,0.4219156235167288,0.6557893702599261
889,5.43090620024017,-0.38587049273217583,0.419821174236723,0.6571643272204816
890,5.749530752549834,-0.3751546968727765,0.41008436858637193,0.6635942612647542
891,5.768722156246629,-0.3735884745376191,0.41059406406305243,0.6632561164541971
892,5.732781044411422,-0.3844161138880899,0.40980805290970823,0.6637776480972473
893,5.598919719530185,-0.3884646248147399,0.414025703428913,0.6609839614932989
894,5.425031504245877,-0.37204786502719156,0.41407228434834037,0.6609531729697301
895,5.4398894439634,-0.3687536860262055,0.41300141151489994,0.6616613488823365
896,5.463861335567876,-0.3629253213219295,0.41234917658577547,0.6620930482947429
897,5.848635761533071,-0.35293171112254,0.42788370239870216,0.6518872233108602
898,5.841269229731105,-0.377175785386893,0.41044386713712766,0.6633557429656
899,5.6702799795061845,-0.38332355507446736,0.4105947031066967,0.6632556926047268
900,5.416295015268819,-0.38660247072372395,0.4210322333188534,0.6563689441187269
901,5.747151490990251,-0.35835633528527305,0.4177718012163526,0.6585124830278599
902,5.444721145383696,-0.3770886377317509,0.4149841046859733,0.6603507771045307
903,5.4781195359672,-0.382282444205009,0.4158140482809372,0.6598029505706504
904,5.494358058301186,-0.3677588000624209,0.4118761405308314,0.6624063162659953
905,5.551639302969508,-0.3722589433818926,0.41122215002072204,0.6628396653983344
906,5.841306159559118,-0.3799448383994166,0.40977287013058794,0.6638010020504513
907,5.518082556654581,-0.3887092741600933,0.41731743143010785,0.6588117591898868
908,5.462407436553596,-0.3511876911238424,0.4152162964824185,0.6601974668706889
909,5.374608280338771,-0.38644240023218085,0.4232464102275675,0.6549172349226455
910,5.637527826599079,-0.38821386105007183,0.41269752815097116,0.6618624473125028
911,5.778503404346924,-0.3817731658824054,0.40937331136788974,0.6640662825515535
912,5.885475279817546,-0.3531028147464073,0.4300337008043872,0.650487172412965
913,5.461759366687946,-0.37005469708897665,0.41268589044964943,0.6618701499148009
914,5.532154648239599,-0.3569551830984024,0.4136129843213818,0.6612568185067571
915,5.5115279091212805,-0.3813775439002692,0.4142081981525654,0.66086334641405
916,5.722444159809274,-0.36329539558136525,0.4139055586513309,0.6610633800351038
917,5.645472522759674,-0.3800860417169725,0.41051587984668764,0.6633079746411307
918,5.419097883811973,-0.37632807113033145,0.4156505401231359,0.6599108425559795
919,5.80546749482946,-0.37269014791385574,0.4113752687761366,0.6627381799835877
920,5.334414480018275,-0.3590084577642471,0.4144099691577969,0.6607300168038004
921,5.5931843698759005,-0.3601220388828343,0.41306904916978404,0.6616165971738381
922,5.403533815259065,-0.38038063038709896,0.4181062718080275,0.6582922667980156
923,5.619770567288124,-0.37472509823684597,0.410457897909308,0.6633464356375905
924,5.703762592996857,-0.35649148497497146,0.4176181934202473,0.6586136434484013
925,5.35081448246553,-0.35496732435407263,0.4142538064635784,0.660833206240336
926,5.624307518406327,-0.37467753311373786,0.4104116071312539,0.6633771431709479
927,5.845514671018538,-0.38222531486034106,0.40941813125019105,0.6640365198459147
928,5.551798771001118,-0.35311274275238946,0.41565940744407925,0.6599049909406888
929,5.507504284636439,-0.35204887129630463,0.4154222573732313,0.6600615060140901
930,5.8838223477422735,-0.3780494556880266,0.41081066856600035,0.663112467750805
931,5.758733341736365,-0.3585413839844896,0.418058981250926,0.658323398542161
932,5.859674338737539,-0.38172094210854723,0.4095851281716065,0.6639256370501935
933,5.788332227525861,-0.3691440021396983,0.41250434461388774,0.6619903205922458
934,5.564130778081182,-0.37814924387715393,0.41176981408122587,0.6624767513222886
935,5.823934365352944,-0.37768405106254915,0.41010948942023767,0.6635775914329436
936,5.744019905869016,-0.36154242723358987,0.41548344571399315,0.6600211191813505
937,5.630192532342013,-0.37210345240722376,0.41045558220963313,0.6633479717504944
938,5.874183175814072,-0.3748934475511887,0.4118125202235594,0.6624484600999627
939,5.821236489822948,-0.3552606765640175,0.4237848432307925,0.6545647007855063
940,5.610151432779353,-0.36564663845456413,0.41147926020140124,0.6626692644790468
941,5.486370644705735,-0.3773596803346375,0.4136730466303242,0.6612171030881455
942,5.618517946082709,-0.3867289348504383,0.4127297020500638,0.6618411529594728
943,5.647751218354089,-0.37682147080751155,0.410220963638546,0.6635036237624724
944,5.462057200526287,-0.38260625933242487,0.41662039024040143,0.6592711382067535
945,5.787796439937841,-0.35663819014807724,0.42083410754576583,0.6564990006065567
946,5.368278611374824,-0.35302887134637406,0.41439007591663496,0.6607431609961075
947,5.534516304823432,-0.3761314122343537,0.41204918803146856,0.6622916984260107
948,5.701558684931688,-0.38907830785568587,0.41129548745060346,0.6627910562233085
949,5.554617422272958,-0.36959041141345234,0.4111342120396698,0.6628979567432449
950,5.794733380054989,-0.3591443780254738,0.4189979643824376,0.6577055341033904
951,5.579609582676411,-0.36551749008724266,0.4114398521976574,0.6626953794664687
952,5.6641814122864815,-0.36007502045558887,0.41428379931508647,0.6608133862653399
953,5.877557686938063,-0.36681966004618616,0.4164159704416521,0.659405920055717
954,5.767322138991821,-0.372697380501079,0.41083240231220003,0.6630980559893405
955,5.668247393567244,-0.3718932113173168,0.4104014822924608,0.6633838597915839
956,5.8657013615895135,-0.38746304874224635,0.409063677625168,0.6642719317163526
957,5.771586675785387,-0.3540728363945204,0.42244188914079794,0.6554443416540388
958,5.3749187182927605,-0.35888559282303334,0.4136750344660689,0.6612157886984594
959,5.570097764284285,-0.35162764429309995,0.4169408260659825,0.6590599179583752
960,5.579185581138144,-0.3559143274251395,0.41472038650879817,0.6605249465725829
961,5.582889425720205,-0.3759151909995644,0.4110406001265953,0.66296001479379
962,5.702070956506074,-0.3760444717608533,0.4098959498830191,0.6637193066150855
963,5.464794657199326,-0.3511481371671201,0.4152603332089995,0.6601683945754799
964,5.494403408299601,-0.3824817220424603,0.4152677265271117,0.660163513758574
965,5.365767700147995,-0.3600273664351285,0.41382593905200327,0.661116015731941
966,5.386451409058199,-0.3504203881230036,0.41501221405364686,0.6603322153226248
967,5.699414559361346,-0.36924836249965687,0.4111272363117788,0.6629025809551393
968,5.853269925047639,-0.35877852322960635,0.42197994548405693,0.6557471899540528
969,5.559850890316463,-0.35671835249971773,0.41403525202671837,0.6609776500534275
970,5.661451486145017,-0.36397793474488316,0.4124619629654707,0.6620183774278119
971,5.602266914170159,-0.38963549039904455,0.4144184635805452,0.6607244043075527
972,5.441349502826299,-0.3512039593765237,0.4150086152956249,0.6603345917027579
973,5.490667626681816,-0.35462003410055576,0.4141110495065712,0.66092755151201
974,5.376532672981012,-0.3731751364250796,0.41610445481366937,0.6596113673033513
975,5.661806201846635,-0.36582847122368195,0.41180523036760486,0.6624532892714161
976,5.666382787774598,-0.3731294169740462,0.41024419834500203,0.6634882076296371
977,5.84886360486036,-0.352416287274376,0.4285026188537867,0.65148388441091
978,5.478162210057259,-0.38468012015436404,0.4169491884355552,0.6590544066788144
979,5.633555116111962,-0.37157982903242953,0.4104879756385249,0.6633264839831742
980,5.658033933408391,-0.35535022386836274,0.41695025957930987,0.6590537007371807
981,5.70116976858082,-0.3565514988024652,0.417487152820229,0.6586999542304038
982,5.4706482097389175,-0.35766449859807,0.4131010845787397,0.66159540235507
983,5.831756901136962,-0.3629427131523087,0.4175029200340443,0.658689568449263
984,5.684559506944879,-0.37610472111897764,0.4099520813857911,0.6636820520985722
985,5.737595804439675,-0.37288566677746704,0.4104938425630306,0.663322592308186
986,5.459639547592963,-0.38864953004770336,0.42006363151388976,0.6570050122613685
987,5.826394930084468,-0.37782655941420096,0.4101001783870892,0.6635837700546586
988,5.494247219619511,-0.35132723702914453,0.41557060034353704,0.6599635977918813
989,5.763614261211575,-0.3533575541849406,0.42274056599335,0.6552486048335343
990,5.510791215355144,-0.3578761489269284,0.41314335478146197,0.6615674371743433
991,5.426748724539157,-0.3513743488868341,0.4148448646516535,0.6604427307710652
992,5.775754724848379,-0.37031655962801874,0.41177208512837316,0.6624752468080607
993,5.516809933086873,-0.37757310746472955,0.4128342908446938,0.6617719354108013
994,5.528805065205342,-0.38555791945958323,0.4153026297177058,0.6601404723477416
995,5.62543421269243,-0.37538289587469564,0.4104131470488466,0.6633761216256011
996,5.869854899228129,-0.3862227416005694,0.4091073337533576,0.6642429328087434
997,5.670053898776729,-0.35142040024144533,0.4203448418893747,0.6568202816104802
998,5.626680360713458,-0.3750609810060588,0.41039302992698956,0.6633894669781115
999,5.835434569255025,-0.3513185931136861,0.42896443940410967,0.6511830852278531
